CBSA,ZIP,num_listings
"Atlanta-Sandy Springs-Roswell, GA",30334,0
"Atlanta-Sandy Springs-Roswell, GA",30312,99
"Atlanta-Sandy Springs-Roswell, GA",30303,14
"Atlanta-Sandy Springs-Roswell, GA",30313,8
"Atlanta-Sandy Springs-Roswell, GA",30315,79
"Atlanta-Sandy Springs-Roswell, GA",30310,85
"Atlanta-Sandy Springs-Roswell, GA",30314,60
"Atlanta-Sandy Springs-Roswell, GA",30308,126
"Atlanta-Sandy Springs-Roswell, GA",30318,166
"Atlanta-Sandy Springs-Roswell, GA",30307,68
"Atlanta-Sandy Springs-Roswell, GA",30316,107
"Atlanta-Sandy Springs-Roswell, GA",30309,182
"Atlanta-Sandy Springs-Roswell, GA",30332,0
"Atlanta-Sandy Springs-Roswell, GA",30306,133
"Atlanta-Sandy Springs-Roswell, GA",30317,46
"Atlanta-Sandy Springs-Roswell, GA",30363,31
"Atlanta-Sandy Springs-Roswell, GA",30324,105
"Atlanta-Sandy Springs-Roswell, GA",30311,46
"Atlanta-Sandy Springs-Roswell, GA",30288,14
"Atlanta-Sandy Springs-Roswell, GA",30344,79
"Atlanta-Sandy Springs-Roswell, GA",30354,73
"Atlanta-Sandy Springs-Roswell, GA",30030,77
"Atlanta-Sandy Springs-Roswell, GA",30032,197
"Atlanta-Sandy Springs-Roswell, GA",30305,107
"Atlanta-Sandy Springs-Roswell, GA",30034,93
"Atlanta-Sandy Springs-Roswell, GA",30327,34
"Atlanta-Sandy Springs-Roswell, GA",30322,0
"Atlanta-Sandy Springs-Roswell, GA",30033,59
"Atlanta-Sandy Springs-Roswell, GA",30329,47
"Atlanta-Sandy Springs-Roswell, GA",30297,30
"Atlanta-Sandy Springs-Roswell, GA",30126,77
"Atlanta-Sandy Springs-Roswell, GA",30331,124
"Atlanta-Sandy Springs-Roswell, GA",30294,73
"Atlanta-Sandy Springs-Roswell, GA",30337,35
"Atlanta-Sandy Springs-Roswell, GA",30326,69
"Atlanta-Sandy Springs-Roswell, GA",30339,46
"Atlanta-Sandy Springs-Roswell, GA",30319,107
"Atlanta-Sandy Springs-Roswell, GA",30002,11
"Atlanta-Sandy Springs-Roswell, GA",30342,71
"Atlanta-Sandy Springs-Roswell, GA",30336,2
"Atlanta-Sandy Springs-Roswell, GA",30079,11
"Atlanta-Sandy Springs-Roswell, GA",30345,29
"Atlanta-Sandy Springs-Roswell, GA",30080,102
"Atlanta-Sandy Springs-Roswell, GA",30082,40
"Atlanta-Sandy Springs-Roswell, GA",30349,182
"Atlanta-Sandy Springs-Roswell, GA",30168,29
"Atlanta-Sandy Springs-Roswell, GA",30021,9
"Atlanta-Sandy Springs-Roswell, GA",30083,67
"Atlanta-Sandy Springs-Roswell, GA",30273,33
"Atlanta-Sandy Springs-Roswell, GA",30260,37
"Atlanta-Sandy Springs-Roswell, GA",30274,59
"Atlanta-Sandy Springs-Roswell, GA",30236,53
"Atlanta-Sandy Springs-Roswell, GA",30035,67
"Atlanta-Sandy Springs-Roswell, GA",30084,32
"Atlanta-Sandy Springs-Roswell, GA",30341,41
"Atlanta-Sandy Springs-Roswell, GA",30135,144
"Atlanta-Sandy Springs-Roswell, GA",30122,34
"Atlanta-Sandy Springs-Roswell, GA",30328,75
"Atlanta-Sandy Springs-Roswell, GA",30072,4
"Atlanta-Sandy Springs-Roswell, GA",30088,58
"Atlanta-Sandy Springs-Roswell, GA",30296,50
"Atlanta-Sandy Springs-Roswell, GA",30038,116
"Atlanta-Sandy Springs-Roswell, GA",30067,69
"Atlanta-Sandy Springs-Roswell, GA",30346,13
"Atlanta-Sandy Springs-Roswell, GA",30291,43
"Atlanta-Sandy Springs-Roswell, GA",30340,21
"Atlanta-Sandy Springs-Roswell, GA",30338,47
"Atlanta-Sandy Springs-Roswell, GA",30281,115
"Atlanta-Sandy Springs-Roswell, GA",30058,152
"Atlanta-Sandy Springs-Roswell, GA",30360,11
"Atlanta-Sandy Springs-Roswell, GA",30060,46
"Atlanta-Sandy Springs-Roswell, GA",30213,68
"Atlanta-Sandy Springs-Roswell, GA",30087,55
"Atlanta-Sandy Springs-Roswell, GA",30106,31
"Atlanta-Sandy Springs-Roswell, GA",30093,39
"Atlanta-Sandy Springs-Roswell, GA",30214,36
"Atlanta-Sandy Springs-Roswell, GA",30068,51
"Atlanta-Sandy Springs-Roswell, GA",30268,30
"Atlanta-Sandy Springs-Roswell, GA",30238,116
"Atlanta-Sandy Springs-Roswell, GA",30008,55
"Atlanta-Sandy Springs-Roswell, GA",30350,61
"Atlanta-Sandy Springs-Roswell, GA",30071,21
"Atlanta-Sandy Springs-Roswell, GA",30094,45
"Atlanta-Sandy Springs-Roswell, GA",30092,39
"Atlanta-Sandy Springs-Roswell, GA",30047,70
"Atlanta-Sandy Springs-Roswell, GA",30062,98
"Atlanta-Sandy Springs-Roswell, GA",30127,87
"Atlanta-Sandy Springs-Roswell, GA",30290,12
"Atlanta-Sandy Springs-Roswell, GA",30012,34
"Atlanta-Sandy Springs-Roswell, GA",30064,46
"Atlanta-Sandy Springs-Roswell, GA",30134,128
"Atlanta-Sandy Springs-Roswell, GA",30022,109
"Atlanta-Sandy Springs-Roswell, GA",30076,52
"Atlanta-Sandy Springs-Roswell, GA",30039,82
"Atlanta-Sandy Springs-Roswell, GA",30253,155
"Atlanta-Sandy Springs-Roswell, GA",30075,44
"Atlanta-Sandy Springs-Roswell, GA",30228,126
"Atlanta-Sandy Springs-Roswell, GA",30066,78
"Atlanta-Sandy Springs-Roswell, GA",30096,88
"Atlanta-Sandy Springs-Roswell, GA",30252,67
"Atlanta-Sandy Springs-Roswell, GA",30152,51
"Atlanta-Sandy Springs-Roswell, GA",30250,0
"Atlanta-Sandy Springs-Roswell, GA",30215,38
"Atlanta-Sandy Springs-Roswell, GA",30044,133
"Atlanta-Sandy Springs-Roswell, GA",30185,0
"Atlanta-Sandy Springs-Roswell, GA",30144,116
"Atlanta-Sandy Springs-Roswell, GA",30097,65
"Atlanta-Sandy Springs-Roswell, GA",30141,55
"Atlanta-Sandy Springs-Roswell, GA",30277,18
"Atlanta-Sandy Springs-Roswell, GA",30009,54
"Atlanta-Sandy Springs-Roswell, GA",30078,78
"Atlanta-Sandy Springs-Roswell, GA",30013,34
"Atlanta-Sandy Springs-Roswell, GA",30223,42
"Atlanta-Sandy Springs-Roswell, GA",30187,9
"Atlanta-Sandy Springs-Roswell, GA",30043,116
"Atlanta-Sandy Springs-Roswell, GA",30052,115
"Atlanta-Sandy Springs-Roswell, GA",30157,118
"Atlanta-Sandy Springs-Roswell, GA",30265,57
"Atlanta-Sandy Springs-Roswell, GA",30132,86
"Atlanta-Sandy Springs-Roswell, GA",30004,100
"Atlanta-Sandy Springs-Roswell, GA",30016,111
"Atlanta-Sandy Springs-Roswell, GA",30005,50
"Atlanta-Sandy Springs-Roswell, GA",30188,82
"Atlanta-Sandy Springs-Roswell, GA",30269,46
"Atlanta-Sandy Springs-Roswell, GA",30045,90
"Atlanta-Sandy Springs-Roswell, GA",30101,84
"Atlanta-Sandy Springs-Roswell, GA",30017,32
"Atlanta-Sandy Springs-Roswell, GA",30248,70
"Atlanta-Sandy Springs-Roswell, GA",30014,64
"Atlanta-Sandy Springs-Roswell, GA",30054,3
"Atlanta-Sandy Springs-Roswell, GA",30263,63
"Atlanta-Sandy Springs-Roswell, GA",30046,76
"Atlanta-Sandy Springs-Roswell, GA",30180,94
"Atlanta-Sandy Springs-Roswell, GA",30024,100
"Atlanta-Sandy Springs-Roswell, GA",30102,56
"Atlanta-Sandy Springs-Roswell, GA",30189,49
"Atlanta-Sandy Springs-Roswell, GA",30041,81
"Atlanta-Sandy Springs-Roswell, GA",30116,16
"Atlanta-Sandy Springs-Roswell, GA",30205,1
"Atlanta-Sandy Springs-Roswell, GA",30276,9
"Atlanta-Sandy Springs-Roswell, GA",30115,42
"Atlanta-Sandy Springs-Roswell, GA",30114,89
"Atlanta-Sandy Springs-Roswell, GA",30179,27
"Atlanta-Sandy Springs-Roswell, GA",30040,101
"Atlanta-Sandy Springs-Roswell, GA",30519,98
"Atlanta-Sandy Springs-Roswell, GA",30518,84
"Atlanta-Sandy Springs-Roswell, GA",30019,65
"Atlanta-Sandy Springs-Roswell, GA",30284,0
"Atlanta-Sandy Springs-Roswell, GA",30121,22
"Atlanta-Sandy Springs-Roswell, GA",30120,56
"Atlanta-Sandy Springs-Roswell, GA",30184,3
"Atlanta-Sandy Springs-Roswell, GA",30233,11
"Atlanta-Sandy Springs-Roswell, GA",30234,0
"Atlanta-Sandy Springs-Roswell, GA",30655,12
"Atlanta-Sandy Springs-Roswell, GA",30070,0
"Atlanta-Sandy Springs-Roswell, GA",30137,1
"Atlanta-Sandy Springs-Roswell, GA",30011,17
"Atlanta-Sandy Springs-Roswell, GA",30289,0
"Atlanta-Sandy Springs-Roswell, GA",30153,15
"Atlanta-Sandy Springs-Roswell, GA",30680,30
"Atlanta-Sandy Springs-Roswell, GA",30620,23
"Atlanta-Sandy Springs-Roswell, GA",30224,15
"Atlanta-Sandy Springs-Roswell, GA",30292,0
"Atlanta-Sandy Springs-Roswell, GA",30028,42
"Atlanta-Sandy Springs-Roswell, GA",30275,0
"Atlanta-Sandy Springs-Roswell, GA",30656,4
"Atlanta-Sandy Springs-Roswell, GA",30025,7
"Atlanta-Sandy Springs-Roswell, GA",30107,10
"Atlanta-Sandy Springs-Roswell, GA",30178,0
"Atlanta-Sandy Springs-Roswell, GA",31064,1
"Atlanta-Sandy Springs-Roswell, GA",30055,1
"Atlanta-Sandy Springs-Roswell, GA",30164,0
"Atlanta-Sandy Springs-Roswell, GA",30259,1
"Atlanta-Sandy Springs-Roswell, GA",30183,4
"Atlanta-Sandy Springs-Roswell, GA",30548,15
"Atlanta-Sandy Springs-Roswell, GA",30117,33
"Atlanta-Sandy Springs-Roswell, GA",30220,3
"Atlanta-Sandy Springs-Roswell, GA",30056,0
"Atlanta-Sandy Springs-Roswell, GA",30251,0
"Atlanta-Sandy Springs-Roswell, GA",30517,35
"Atlanta-Sandy Springs-Roswell, GA",30110,7
"Atlanta-Sandy Springs-Roswell, GA",30171,1
"Atlanta-Sandy Springs-Roswell, GA",30257,0
"Atlanta-Sandy Springs-Roswell, GA",30506,44
"Atlanta-Sandy Springs-Roswell, GA",30230,5
"Atlanta-Sandy Springs-Roswell, GA",30216,0
"Atlanta-Sandy Springs-Roswell, GA",30218,0
"Atlanta-Sandy Springs-Roswell, GA",30293,0
"Atlanta-Sandy Springs-Roswell, GA",30222,0
"Atlanta-Sandy Springs-Roswell, GA",30258,1
"Atlanta-Sandy Springs-Roswell, GA",30206,0
"Atlanta-Sandy Springs-Roswell, GA",30666,9
"Atlanta-Sandy Springs-Roswell, GA",30542,41
"Atlanta-Sandy Springs-Roswell, GA",30143,9
"Atlanta-Sandy Springs-Roswell, GA",30113,0
"Atlanta-Sandy Springs-Roswell, GA",31085,0
"Atlanta-Sandy Springs-Roswell, GA",30504,19
"Atlanta-Sandy Springs-Roswell, GA",30145,5
"Atlanta-Sandy Springs-Roswell, GA",30534,27
"Atlanta-Sandy Springs-Roswell, GA",30217,0
"Atlanta-Sandy Springs-Roswell, GA",30295,0
"Atlanta-Sandy Springs-Roswell, GA",30663,1
"Atlanta-Sandy Springs-Roswell, GA",30641,0
"Atlanta-Sandy Springs-Roswell, GA",30204,2
"Atlanta-Sandy Springs-Roswell, GA",30104,1
"Atlanta-Sandy Springs-Roswell, GA",30161,46
"Atlanta-Sandy Springs-Roswell, GA",30256,0
"Atlanta-Sandy Springs-Roswell, GA",30139,0
"Atlanta-Sandy Springs-Roswell, GA",30170,0
"Atlanta-Sandy Springs-Roswell, GA",31029,2
"Atlanta-Sandy Springs-Roswell, GA",30125,6
"Atlanta-Sandy Springs-Roswell, GA",30182,0
"Atlanta-Sandy Springs-Roswell, GA",30176,0
"Atlanta-Sandy Springs-Roswell, GA",30622,12
"Atlanta-Sandy Springs-Roswell, GA",30118,0
"Atlanta-Sandy Springs-Roswell, GA",30650,5
"Atlanta-Sandy Springs-Roswell, GA",31024,12
"Atlanta-Sandy Springs-Roswell, GA",30621,1
"Atlanta-Sandy Springs-Roswell, GA",30549,6
"Atlanta-Sandy Springs-Roswell, GA",30103,14
"Atlanta-Sandy Springs-Roswell, GA",30108,1
"Atlanta-Sandy Springs-Roswell, GA",30177,0
"Atlanta-Sandy Springs-Roswell, GA",30148,0
"Atlanta-Sandy Springs-Roswell, GA",30175,2
"Atlanta-Sandy Springs-Roswell, GA",30734,1
"Atlanta-Sandy Springs-Roswell, GA",30623,1
"Atlanta-Sandy Springs-Roswell, GA",30677,15
"Atlanta-Sandy Springs-Roswell, GA",30286,1
"Atlanta-Sandy Springs-Roswell, GA",30513,9
"Atlanta-Sandy Springs-Roswell, GA",30533,13
"Atlanta-Sandy Springs-Roswell, GA",30536,2
"Atlanta-Sandy Springs-Roswell, GA",31038,0
"Atlanta-Sandy Springs-Roswell, GA",31046,0
"Atlanta-Sandy Springs-Roswell, GA",30285,0
"Atlanta-Sandy Springs-Roswell, GA",30564,2
"Atlanta-Sandy Springs-Roswell, GA",36280,0
"Atlanta-Sandy Springs-Roswell, GA",36269,0
"Atlanta-Sandy Springs-Roswell, GA",31816,4
"Atlanta-Sandy Springs-Roswell, GA",36262,0
"Atlanta-Sandy Springs-Roswell, GA",36272,2
"Atlanta-Sandy Springs-Roswell, GA",36273,0
"Atlanta-Sandy Springs-Roswell, GA",31016,0
"Atlanta-Sandy Springs-Roswell, GA",31097,0
"Atlanta-Sandy Springs-Roswell, GA",36274,0
"Atlanta-Sandy Springs-Roswell, GA",30241,20
"Atlanta-Sandy Springs-Roswell, GA",31830,0
"Atlanta-Sandy Springs-Roswell, GA",30625,0
"Atlanta-Sandy Springs-Roswell, GA",36263,0
"Atlanta-Sandy Springs-Roswell, GA",30240,36
"Atlanta-Sandy Springs-Roswell, GA",30642,9
"Atlanta-Sandy Springs-Roswell, GA",31836,0
"Atlanta-Sandy Springs-Roswell, GA",31822,1
"Atlanta-Sandy Springs-Roswell, GA",31826,0
"Austin-Round Rock, TX",78702,149
"Austin-Round Rock, TX",78704,245
"Austin-Round Rock, TX",78703,107
"Austin-Round Rock, TX",78701,126
"Austin-Round Rock, TX",78705,562
"Austin-Round Rock, TX",78746,55
"Austin-Round Rock, TX",78722,32
"Austin-Round Rock, TX",78741,148
"Austin-Round Rock, TX",78712,0
"Austin-Round Rock, TX",78751,231
"Austin-Round Rock, TX",78723,88
"Austin-Round Rock, TX",78721,37
"Austin-Round Rock, TX",78756,44
"Austin-Round Rock, TX",78731,40
"Austin-Round Rock, TX",78745,177
"Austin-Round Rock, TX",78744,68
"Austin-Round Rock, TX",78742,0
"Austin-Round Rock, TX",78735,48
"Austin-Round Rock, TX",78725,22
"Austin-Round Rock, TX",78719,2
"Austin-Round Rock, TX",78617,14
"Austin-Round Rock, TX",78752,51
"Austin-Round Rock, TX",78757,78
"Austin-Round Rock, TX",78724,34
"Austin-Round Rock, TX",78749,51
"Austin-Round Rock, TX",78754,47
"Austin-Round Rock, TX",78747,33
"Austin-Round Rock, TX",78758,111
"Austin-Round Rock, TX",78733,19
"Austin-Round Rock, TX",78730,19
"Austin-Round Rock, TX",78748,91
"Austin-Round Rock, TX",78753,50
"Austin-Round Rock, TX",78653,52
"Austin-Round Rock, TX",78759,68
"Austin-Round Rock, TX",78738,44
"Austin-Round Rock, TX",78750,38
"Austin-Round Rock, TX",78736,25
"Austin-Round Rock, TX",78660,160
"Austin-Round Rock, TX",78732,22
"Austin-Round Rock, TX",78612,13
"Austin-Round Rock, TX",78621,15
"Austin-Round Rock, TX",78610,41
"Austin-Round Rock, TX",78616,2
"Austin-Round Rock, TX",78726,16
"Austin-Round Rock, TX",78737,28
"Austin-Round Rock, TX",78739,13
"Austin-Round Rock, TX",78652,7
"Austin-Round Rock, TX",78734,51
"Austin-Round Rock, TX",78727,58
"Austin-Round Rock, TX",78620,23
"Austin-Round Rock, TX",78669,16
"Austin-Round Rock, TX",78663,0
"Austin-Round Rock, TX",78728,30
"Austin-Round Rock, TX",78640,73
"Austin-Round Rock, TX",78729,74
"Austin-Round Rock, TX",78613,139
"Austin-Round Rock, TX",78641,152
"Austin-Round Rock, TX",78619,3
"Austin-Round Rock, TX",78717,66
"Austin-Round Rock, TX",78664,92
"Austin-Round Rock, TX",78645,37
"Austin-Round Rock, TX",78681,79
"Austin-Round Rock, TX",78602,51
"Austin-Round Rock, TX",78644,8
"Austin-Round Rock, TX",78615,1
"Austin-Round Rock, TX",78656,1
"Austin-Round Rock, TX",78654,22
"Austin-Round Rock, TX",78665,108
"Austin-Round Rock, TX",78634,76
"Austin-Round Rock, TX",78676,21
"Austin-Round Rock, TX",78662,0
"Austin-Round Rock, TX",76574,22
"Austin-Round Rock, TX",78628,72
"Austin-Round Rock, TX",78626,99
"Austin-Round Rock, TX",78605,0
"Austin-Round Rock, TX",78666,124
"Austin-Round Rock, TX",76578,0
"Austin-Round Rock, TX",78953,1
"Austin-Round Rock, TX",78650,1
"Austin-Round Rock, TX",78606,2
"Austin-Round Rock, TX",78636,2
"Austin-Round Rock, TX",78622,0
"Austin-Round Rock, TX",78638,1
"Austin-Round Rock, TX",78670,0
"Austin-Round Rock, TX",78655,1
"Austin-Round Rock, TX",78642,34
"Austin-Round Rock, TX",78957,4
"Austin-Round Rock, TX",78623,0
"Austin-Round Rock, TX",78659,2
"Austin-Round Rock, TX",78633,23
"Austin-Round Rock, TX",78648,10
"Austin-Round Rock, TX",76530,1
"Austin-Round Rock, TX",78133,59
"Austin-Round Rock, TX",78132,23
"Austin-Round Rock, TX",76573,0
"Austin-Round Rock, TX",76511,2
"Austin-Round Rock, TX",76537,17
"Austin-Round Rock, TX",76577,0
"Austin-Round Rock, TX",78130,245
"Austin-Round Rock, TX",78155,41
"Austin-Round Rock, TX",78947,2
"Austin-Round Rock, TX",78942,9
"Austin-Round Rock, TX",76527,1
"Austin-Round Rock, TX",78661,0
"Austin-Round Rock, TX",78959,0
"Austin-Round Rock, TX",78632,0
"Austin-Round Rock, TX",78629,0
"Austin-Round Rock, TX",76571,3
"Austin-Round Rock, TX",78945,10
"Austin-Round Rock, TX",78949,0
"Austin-Round Rock, TX",78941,0
"Baltimore-Columbia-Towson, MD",21230,329
"Baltimore-Columbia-Towson, MD",21201,141
"Baltimore-Columbia-Towson, MD",21202,211
"Baltimore-Columbia-Towson, MD",21231,184
"Baltimore-Columbia-Towson, MD",21205,79
"Baltimore-Columbia-Towson, MD",21217,253
"Baltimore-Columbia-Towson, MD",21223,116
"Baltimore-Columbia-Towson, MD",21213,146
"Baltimore-Columbia-Towson, MD",21218,285
"Baltimore-Columbia-Towson, MD",21224,368
"Baltimore-Columbia-Towson, MD",21225,111
"Baltimore-Columbia-Towson, MD",21226,45
"Baltimore-Columbia-Towson, MD",21211,68
"Baltimore-Columbia-Towson, MD",21216,130
"Baltimore-Columbia-Towson, MD",21215,174
"Baltimore-Columbia-Towson, MD",21206,107
"Baltimore-Columbia-Towson, MD",21222,117
"Baltimore-Columbia-Towson, MD",21210,32
"Baltimore-Columbia-Towson, MD",21229,164
"Baltimore-Columbia-Towson, MD",21227,41
"Baltimore-Columbia-Towson, MD",21251,0
"Baltimore-Columbia-Towson, MD",21237,30
"Baltimore-Columbia-Towson, MD",21209,39
"Baltimore-Columbia-Towson, MD",21090,10
"Baltimore-Columbia-Towson, MD",21212,96
"Baltimore-Columbia-Towson, MD",21214,40
"Baltimore-Columbia-Towson, MD",21207,78
"Baltimore-Columbia-Towson, MD",21239,55
"Baltimore-Columbia-Towson, MD",21228,43
"Baltimore-Columbia-Towson, MD",21060,53
"Baltimore-Columbia-Towson, MD",21061,58
"Baltimore-Columbia-Towson, MD",21234,87
"Baltimore-Columbia-Towson, MD",21240,0
"Baltimore-Columbia-Towson, MD",21077,0
"Baltimore-Columbia-Towson, MD",21075,45
"Baltimore-Columbia-Towson, MD",21076,55
"Baltimore-Columbia-Towson, MD",21250,0
"Baltimore-Columbia-Towson, MD",21244,36
"Baltimore-Columbia-Towson, MD",21204,34
"Baltimore-Columbia-Towson, MD",21221,53
"Baltimore-Columbia-Towson, MD",21286,20
"Baltimore-Columbia-Towson, MD",21219,10
"Baltimore-Columbia-Towson, MD",21122,55
"Baltimore-Columbia-Towson, MD",21236,38
"Baltimore-Columbia-Towson, MD",21093,31
"Baltimore-Columbia-Towson, MD",21252,0
"Baltimore-Columbia-Towson, MD",21208,38
"Baltimore-Columbia-Towson, MD",21220,52
"Baltimore-Columbia-Towson, MD",21043,54
"Baltimore-Columbia-Towson, MD",21057,1
"Baltimore-Columbia-Towson, MD",21153,0
"Baltimore-Columbia-Towson, MD",21144,39
"Baltimore-Columbia-Towson, MD",21117,65
"Baltimore-Columbia-Towson, MD",21133,26
"Baltimore-Columbia-Towson, MD",21163,7
"Baltimore-Columbia-Towson, MD",21042,19
"Baltimore-Columbia-Towson, MD",21162,2
"Baltimore-Columbia-Towson, MD",21131,1
"Baltimore-Columbia-Towson, MD",21030,15
"Baltimore-Columbia-Towson, MD",21128,6
"Baltimore-Columbia-Towson, MD",21052,0
"Baltimore-Columbia-Towson, MD",21087,1
"Baltimore-Columbia-Towson, MD",20794,8
"Baltimore-Columbia-Towson, MD",21082,1
"Baltimore-Columbia-Towson, MD",21108,10
"Baltimore-Columbia-Towson, MD",20755,2
"Baltimore-Columbia-Towson, MD",21045,48
"Baltimore-Columbia-Towson, MD",21047,5
"Baltimore-Columbia-Towson, MD",21044,75
"Baltimore-Columbia-Towson, MD",20701,1
"Baltimore-Columbia-Towson, MD",20724,22
"Baltimore-Columbia-Towson, MD",21046,27
"Baltimore-Columbia-Towson, MD",21031,0
"Baltimore-Columbia-Towson, MD",21136,44
"Baltimore-Columbia-Towson, MD",21113,46
"Baltimore-Columbia-Towson, MD",20763,2
"Baltimore-Columbia-Towson, MD",21146,17
"Baltimore-Columbia-Towson, MD",21054,10
"Baltimore-Columbia-Towson, MD",21104,2
"Baltimore-Columbia-Towson, MD",21032,8
"Baltimore-Columbia-Towson, MD",21156,0
"Baltimore-Columbia-Towson, MD",21013,0
"Baltimore-Columbia-Towson, MD",21048,2
"Baltimore-Columbia-Towson, MD",21784,16
"Baltimore-Columbia-Towson, MD",21085,20
"Baltimore-Columbia-Towson, MD",21012,25
"Baltimore-Columbia-Towson, MD",21794,0
"Baltimore-Columbia-Towson, MD",21152,7
"Baltimore-Columbia-Towson, MD",21409,30
"Baltimore-Columbia-Towson, MD",21056,1
"Baltimore-Columbia-Towson, MD",21051,0
"Baltimore-Columbia-Towson, MD",20723,30
"Baltimore-Columbia-Towson, MD",21111,4
"Baltimore-Columbia-Towson, MD",20720,24
"Baltimore-Columbia-Towson, MD",20708,20
"Baltimore-Columbia-Towson, MD",20715,11
"Baltimore-Columbia-Towson, MD",21155,0
"Baltimore-Columbia-Towson, MD",21071,1
"Baltimore-Columbia-Towson, MD",21029,6
"Baltimore-Columbia-Towson, MD",21040,57
"Baltimore-Columbia-Towson, MD",21405,0
"Baltimore-Columbia-Towson, MD",21401,106
"Baltimore-Columbia-Towson, MD",20707,51
"Baltimore-Columbia-Towson, MD",21036,1
"Baltimore-Columbia-Towson, MD",20759,5
"Baltimore-Columbia-Towson, MD",21035,3
"Baltimore-Columbia-Towson, MD",21010,0
"Baltimore-Columbia-Towson, MD",21114,27
"Baltimore-Columbia-Towson, MD",21723,0
"Baltimore-Columbia-Towson, MD",21737,1
"Baltimore-Columbia-Towson, MD",21084,1
"Baltimore-Columbia-Towson, MD",20777,2
"Baltimore-Columbia-Towson, MD",20866,21
"Baltimore-Columbia-Towson, MD",21009,39
"Baltimore-Columbia-Towson, MD",21015,17
"Baltimore-Columbia-Towson, MD",21120,1
"Baltimore-Columbia-Towson, MD",21014,32
"Baltimore-Columbia-Towson, MD",21157,26
"Baltimore-Columbia-Towson, MD",21161,1
"Baltimore-Columbia-Towson, MD",21738,2
"Baltimore-Columbia-Towson, MD",20833,1
"Baltimore-Columbia-Towson, MD",20861,2
"Baltimore-Columbia-Towson, MD",20905,10
"Baltimore-Columbia-Towson, MD",20862,1
"Baltimore-Columbia-Towson, MD",21050,13
"Baltimore-Columbia-Towson, MD",21017,12
"Baltimore-Columbia-Towson, MD",21001,35
"Baltimore-Columbia-Towson, MD",21005,1
"Baltimore-Columbia-Towson, MD",21797,4
"Baltimore-Columbia-Towson, MD",21402,1
"Baltimore-Columbia-Towson, MD",21102,2
"Baltimore-Columbia-Towson, MD",21074,8
"Baltimore-Columbia-Towson, MD",20716,25
"Baltimore-Columbia-Towson, MD",21140,2
"Baltimore-Columbia-Towson, MD",21037,23
"Baltimore-Columbia-Towson, MD",21403,67
"Baltimore-Columbia-Towson, MD",21771,7
"Baltimore-Columbia-Towson, MD",20882,1
"Baltimore-Columbia-Towson, MD",21130,0
"Baltimore-Columbia-Towson, MD",21105,0
"Baltimore-Columbia-Towson, MD",17349,10
"Baltimore-Columbia-Towson, MD",21053,1
"Baltimore-Columbia-Towson, MD",17363,3
"Baltimore-Columbia-Towson, MD",21154,1
"Baltimore-Columbia-Towson, MD",20776,1
"Baltimore-Columbia-Towson, MD",20774,77
"Baltimore-Columbia-Towson, MD",21028,2
"Baltimore-Columbia-Towson, MD",21666,17
"Baltimore-Columbia-Towson, MD",21132,0
"Baltimore-Columbia-Towson, MD",20751,1
"Baltimore-Columbia-Towson, MD",20711,0
"Baltimore-Columbia-Towson, MD",20778,1
"Baltimore-Columbia-Towson, MD",20765,1
"Baltimore-Columbia-Towson, MD",21619,13
"Baltimore-Columbia-Towson, MD",17327,9
"Baltimore-Columbia-Towson, MD",21776,1
"Baltimore-Columbia-Towson, MD",20764,8
"Baltimore-Columbia-Towson, MD",20872,4
"Baltimore-Columbia-Towson, MD",21638,6
"Baltimore-Columbia-Towson, MD",21078,39
"Baltimore-Columbia-Towson, MD",21034,1
"Baltimore-Columbia-Towson, MD",21158,15
"Baltimore-Columbia-Towson, MD",21617,5
"Baltimore-Columbia-Towson, MD",17321,1
"Baltimore-Columbia-Towson, MD",21160,5
"Baltimore-Columbia-Towson, MD",17314,5
"Baltimore-Columbia-Towson, MD",21620,7
"Baltimore-Columbia-Towson, MD",21623,1
"Baltimore-Columbia-Towson, MD",21658,4
"Baltimore-Columbia-Towson, MD",21918,3
"Baltimore-Columbia-Towson, MD",17352,3
"Baltimore-Columbia-Towson, MD",17329,1
"Baltimore-Columbia-Towson, MD",17331,125
"Baltimore-Columbia-Towson, MD",21791,4
"Baltimore-Columbia-Towson, MD",21787,9
"Baltimore-Columbia-Towson, MD",20772,57
"Baltimore-Columbia-Towson, MD",20733,3
"Baltimore-Columbia-Towson, MD",20779,3
"Baltimore-Columbia-Towson, MD",21651,0
"Baltimore-Columbia-Towson, MD",21668,1
"Baltimore-Columbia-Towson, MD",21628,1
"Baltimore-Columbia-Towson, MD",21640,1
"Baltimore-Columbia-Towson, MD",21607,0
"Baltimore-Columbia-Towson, MD",20754,2
"Baltimore-Columbia-Towson, MD",21601,24
"Baltimore-Columbia-Towson, MD",21679,1
"Baltimore-Columbia-Towson, MD",21657,1
"Baltimore-Columbia-Towson, MD",17340,12
"Baltimore-Columbia-Towson, MD",21757,1
"Baltimore-Columbia-Towson, MD",20714,10
"Baltimore-Columbia-Towson, MD",20736,8
"Baltimore-Columbia-Towson, MD",20758,0
"Baltimore-Columbia-Towson, MD",21625,0
"Baltimore-Columbia-Towson, MD",21644,0
"Baltimore-Columbia-Towson, MD",21660,0
"Baltimore-Columbia-Towson, MD",21727,7
"Baltimore-Columbia-Towson, MD",21778,1
"Baltimore-Columbia-Towson, MD",19964,0
"Baltimore-Columbia-Towson, MD",21649,0
"Baltimore-Columbia-Towson, MD",19953,2
"Baltimore-Columbia-Towson, MD",19938,2
"Birmingham-Hoover, AL",35203,15
"Birmingham-Hoover, AL",35234,11
"Birmingham-Hoover, AL",35233,21
"Birmingham-Hoover, AL",35204,19
"Birmingham-Hoover, AL",35222,22
"Birmingham-Hoover, AL",35205,99
"Birmingham-Hoover, AL",35211,31
"Birmingham-Hoover, AL",35254,0
"Birmingham-Hoover, AL",35207,4
"Birmingham-Hoover, AL",35209,44
"Birmingham-Hoover, AL",35214,41
"Birmingham-Hoover, AL",35223,18
"Birmingham-Hoover, AL",35213,13
"Birmingham-Hoover, AL",35212,15
"Birmingham-Hoover, AL",35217,35
"Birmingham-Hoover, AL",35218,18
"Birmingham-Hoover, AL",35208,26
"Birmingham-Hoover, AL",35216,38
"Birmingham-Hoover, AL",35068,13
"Birmingham-Hoover, AL",35206,85
"Birmingham-Hoover, AL",35117,2
"Birmingham-Hoover, AL",35005,38
"Birmingham-Hoover, AL",35229,0
"Birmingham-Hoover, AL",35210,29
"Birmingham-Hoover, AL",35071,15
"Birmingham-Hoover, AL",35243,13
"Birmingham-Hoover, AL",35226,19
"Birmingham-Hoover, AL",35022,16
"Birmingham-Hoover, AL",35244,18
"Birmingham-Hoover, AL",35221,1
"Birmingham-Hoover, AL",35020,25
"Birmingham-Hoover, AL",35224,14
"Birmingham-Hoover, AL",35228,29
"Birmingham-Hoover, AL",35119,0
"Birmingham-Hoover, AL",35215,238
"Birmingham-Hoover, AL",35064,12
"Birmingham-Hoover, AL",35060,0
"Birmingham-Hoover, AL",35118,1
"Birmingham-Hoover, AL",35242,29
"Birmingham-Hoover, AL",35061,1
"Birmingham-Hoover, AL",35127,12
"Birmingham-Hoover, AL",35094,12
"Birmingham-Hoover, AL",35235,74
"Birmingham-Hoover, AL",35023,53
"Birmingham-Hoover, AL",35073,10
"Birmingham-Hoover, AL",35116,3
"Birmingham-Hoover, AL",35173,23
"Birmingham-Hoover, AL",35036,0
"Birmingham-Hoover, AL",35130,0
"Birmingham-Hoover, AL",35124,20
"Birmingham-Hoover, AL",35062,4
"Birmingham-Hoover, AL",35139,0
"Birmingham-Hoover, AL",35180,6
"Birmingham-Hoover, AL",35126,60
"Birmingham-Hoover, AL",35043,15
"Birmingham-Hoover, AL",35147,4
"Birmingham-Hoover, AL",35091,4
"Birmingham-Hoover, AL",35080,22
"Birmingham-Hoover, AL",35176,0
"Birmingham-Hoover, AL",35004,17
"Birmingham-Hoover, AL",35111,12
"Birmingham-Hoover, AL",35006,0
"Birmingham-Hoover, AL",35007,22
"Birmingham-Hoover, AL",35128,4
"Birmingham-Hoover, AL",35133,2
"Birmingham-Hoover, AL",35051,1
"Birmingham-Hoover, AL",35172,0
"Birmingham-Hoover, AL",35148,1
"Birmingham-Hoover, AL",35444,1
"Birmingham-Hoover, AL",35120,35
"Birmingham-Hoover, AL",35112,0
"Birmingham-Hoover, AL",35580,1
"Birmingham-Hoover, AL",35078,0
"Birmingham-Hoover, AL",35186,4
"Birmingham-Hoover, AL",35115,23
"Birmingham-Hoover, AL",35184,1
"Birmingham-Hoover, AL",35114,5
"Birmingham-Hoover, AL",35079,0
"Birmingham-Hoover, AL",35146,12
"Birmingham-Hoover, AL",35040,85
"Birmingham-Hoover, AL",35550,0
"Birmingham-Hoover, AL",35178,0
"Birmingham-Hoover, AL",35063,0
"Birmingham-Hoover, AL",35052,0
"Birmingham-Hoover, AL",35125,8
"Birmingham-Hoover, AL",35044,2
"Birmingham-Hoover, AL",35579,0
"Birmingham-Hoover, AL",35475,0
"Birmingham-Hoover, AL",35097,0
"Birmingham-Hoover, AL",35049,0
"Birmingham-Hoover, AL",35121,0
"Birmingham-Hoover, AL",35504,4
"Birmingham-Hoover, AL",35054,1
"Birmingham-Hoover, AL",35035,0
"Birmingham-Hoover, AL",35014,2
"Birmingham-Hoover, AL",35953,1
"Birmingham-Hoover, AL",35077,4
"Birmingham-Hoover, AL",35033,0
"Birmingham-Hoover, AL",35546,0
"Birmingham-Hoover, AL",35188,0
"Birmingham-Hoover, AL",35584,0
"Birmingham-Hoover, AL",35187,0
"Birmingham-Hoover, AL",35013,0
"Birmingham-Hoover, AL",35151,1
"Birmingham-Hoover, AL",35046,1
"Birmingham-Hoover, AL",35085,1
"Birmingham-Hoover, AL",35143,1
"Birmingham-Hoover, AL",35131,0
"Birmingham-Hoover, AL",35042,1
"Birmingham-Hoover, AL",35490,2
"Birmingham-Hoover, AL",35074,0
"Birmingham-Hoover, AL",35501,6
"Birmingham-Hoover, AL",35160,28
"Birmingham-Hoover, AL",35031,1
"Birmingham-Hoover, AL",35096,25
"Birmingham-Hoover, AL",35135,2
"Birmingham-Hoover, AL",35070,0
"Birmingham-Hoover, AL",35456,2
"Birmingham-Hoover, AL",36792,0
"Birmingham-Hoover, AL",35053,1
"Birmingham-Hoover, AL",35045,0
"Birmingham-Hoover, AL",35503,0
"Birmingham-Hoover, AL",35987,0
"Birmingham-Hoover, AL",35587,0
"Birmingham-Hoover, AL",35549,1
"Birmingham-Hoover, AL",36750,0
"Birmingham-Hoover, AL",36793,0
"Birmingham-Hoover, AL",35952,0
"Birmingham-Hoover, AL",35541,0
"Birmingham-Hoover, AL",35578,1
"Birmingham-Hoover, AL",35055,13
"Birmingham-Hoover, AL",35083,0
"Birmingham-Hoover, AL",35171,0
"Birmingham-Hoover, AL",35907,0
"Birmingham-Hoover, AL",36271,1
"Birmingham-Hoover, AL",35906,6
"Birmingham-Hoover, AL",35954,2
"Birmingham-Hoover, AL",35972,0
"Birmingham-Hoover, AL",35034,0
"Birmingham-Hoover, AL",35980,0
"Birmingham-Hoover, AL",36091,0
"Birmingham-Hoover, AL",36756,0
"Birmingham-Hoover, AL",35474,4
"Birmingham-Hoover, AL",35136,0
"Birmingham-Hoover, AL",35016,2
"Birmingham-Hoover, AL",35976,8
"Birmingham-Hoover, AL",35575,0
"Birmingham-Hoover, AL",35957,0
"Birmingham-Hoover, AL",36701,2
"Birmingham-Hoover, AL",36758,0
"Birmingham-Hoover, AL",36790,0
"Birmingham-Hoover, AL",35554,0
"Birmingham-Hoover, AL",36006,0
"Birmingham-Hoover, AL",35594,0
"Birmingham-Hoover, AL",36051,0
"Birmingham-Hoover, AL",36790,0
"Birmingham-Hoover, AL",35554,0
"Birmingham-Hoover, AL",36006,0
"Birmingham-Hoover, AL",35594,0
"Birmingham-Hoover, AL",36051,0
"Boston-Cambridge-Newton, MA-NH",2203,0
"Boston-Cambridge-Newton, MA-NH",2108,180
"Boston-Cambridge-Newton, MA-NH",2109,91
"Boston-Cambridge-Newton, MA-NH",2114,702
"Boston-Cambridge-Newton, MA-NH",2110,54
"Boston-Cambridge-Newton, MA-NH",2111,132
"Boston-Cambridge-Newton, MA-NH",2113,566
"Boston-Cambridge-Newton, MA-NH",2141,309
"Boston-Cambridge-Newton, MA-NH",2210,48
"Boston-Cambridge-Newton, MA-NH",2116,26
"Boston-Cambridge-Newton, MA-NH",2129,146
"Boston-Cambridge-Newton, MA-NH",2118,18
"Boston-Cambridge-Newton, MA-NH",2127,676
"Boston-Cambridge-Newton, MA-NH",2163,0
"Boston-Cambridge-Newton, MA-NH",2139,698
"Boston-Cambridge-Newton, MA-NH",2138,690
"Boston-Cambridge-Newton, MA-NH",2472,346
"Boston-Cambridge-Newton, MA-NH",2134,461
"Boston-Cambridge-Newton, MA-NH",2135,721
"Boston-Cambridge-Newton, MA-NH",2215,167
"Boston-Cambridge-Newton, MA-NH",2115,252
"Boston-Cambridge-Newton, MA-NH",2142,65
"Boston-Cambridge-Newton, MA-NH",2125,366
"Boston-Cambridge-Newton, MA-NH",2122,143
"Boston-Cambridge-Newton, MA-NH",2128,581
"Boston-Cambridge-Newton, MA-NH",2151,127
"Boston-Cambridge-Newton, MA-NH",2171,142
"Boston-Cambridge-Newton, MA-NH",2152,63
"Boston-Cambridge-Newton, MA-NH",2199,16
"Boston-Cambridge-Newton, MA-NH",2143,705
"Boston-Cambridge-Newton, MA-NH",2145,560
"Boston-Cambridge-Newton, MA-NH",2149,133
"Boston-Cambridge-Newton, MA-NH",2150,123
"Boston-Cambridge-Newton, MA-NH",2119,732
"Boston-Cambridge-Newton, MA-NH",2155,477
"Boston-Cambridge-Newton, MA-NH",2446,340
"Boston-Cambridge-Newton, MA-NH",2445,509
"Boston-Cambridge-Newton, MA-NH",2130,765
"Boston-Cambridge-Newton, MA-NH",2120,412
"Boston-Cambridge-Newton, MA-NH",2148,287
"Boston-Cambridge-Newton, MA-NH",2121,115
"Boston-Cambridge-Newton, MA-NH",2144,582
"Boston-Cambridge-Newton, MA-NH",2140,410
"Boston-Cambridge-Newton, MA-NH",2124,216
"Boston-Cambridge-Newton, MA-NH",2131,130
"Boston-Cambridge-Newton, MA-NH",2467,521
"Boston-Cambridge-Newton, MA-NH",2478,154
"Boston-Cambridge-Newton, MA-NH",2474,126
"Boston-Cambridge-Newton, MA-NH",2126,61
"Boston-Cambridge-Newton, MA-NH",2176,79
"Boston-Cambridge-Newton, MA-NH",2132,136
"Boston-Cambridge-Newton, MA-NH",1906,26
"Boston-Cambridge-Newton, MA-NH",2186,27
"Boston-Cambridge-Newton, MA-NH",1890,40
"Boston-Cambridge-Newton, MA-NH",2458,215
"Boston-Cambridge-Newton, MA-NH",2170,63
"Boston-Cambridge-Newton, MA-NH",2476,91
"Boston-Cambridge-Newton, MA-NH",2136,70
"Boston-Cambridge-Newton, MA-NH",2459,90
"Boston-Cambridge-Newton, MA-NH",1905,22
"Boston-Cambridge-Newton, MA-NH",2180,31
"Boston-Cambridge-Newton, MA-NH",2169,292
"Boston-Cambridge-Newton, MA-NH",2460,106
"Boston-Cambridge-Newton, MA-NH",2421,45
"Boston-Cambridge-Newton, MA-NH",1801,72
"Boston-Cambridge-Newton, MA-NH",2452,48
"Boston-Cambridge-Newton, MA-NH",2453,117
"Boston-Cambridge-Newton, MA-NH",2461,22
"Boston-Cambridge-Newton, MA-NH",1880,31
"Boston-Cambridge-Newton, MA-NH",2468,11
"Boston-Cambridge-Newton, MA-NH",2045,31
"Boston-Cambridge-Newton, MA-NH",2368,25
"Boston-Cambridge-Newton, MA-NH",2184,46
"Boston-Cambridge-Newton, MA-NH",1901,15
"Boston-Cambridge-Newton, MA-NH",1902,72
"Boston-Cambridge-Newton, MA-NH",1908,10
"Boston-Cambridge-Newton, MA-NH",2465,67
"Boston-Cambridge-Newton, MA-NH",2492,10
"Boston-Cambridge-Newton, MA-NH",2026,32
"Boston-Cambridge-Newton, MA-NH",2494,18
"Boston-Cambridge-Newton, MA-NH",2451,32
"Boston-Cambridge-Newton, MA-NH",2420,20
"Boston-Cambridge-Newton, MA-NH",2464,30
"Boston-Cambridge-Newton, MA-NH",1940,5
"Boston-Cambridge-Newton, MA-NH",2191,17
"Boston-Cambridge-Newton, MA-NH",2021,35
"Boston-Cambridge-Newton, MA-NH",1803,20
"Boston-Cambridge-Newton, MA-NH",2481,24
"Boston-Cambridge-Newton, MA-NH",2466,66
"Boston-Cambridge-Newton, MA-NH",1904,10
"Boston-Cambridge-Newton, MA-NH",1960,30
"Boston-Cambridge-Newton, MA-NH",2462,11
"Boston-Cambridge-Newton, MA-NH",2090,20
"Boston-Cambridge-Newton, MA-NH",2043,20
"Boston-Cambridge-Newton, MA-NH",2188,21
"Boston-Cambridge-Newton, MA-NH",1867,19
"Boston-Cambridge-Newton, MA-NH",2493,14
"Boston-Cambridge-Newton, MA-NH",1773,4
"Boston-Cambridge-Newton, MA-NH",2189,19
"Boston-Cambridge-Newton, MA-NH",1907,20
"Boston-Cambridge-Newton, MA-NH",1887,8
"Boston-Cambridge-Newton, MA-NH",2030,7
"Boston-Cambridge-Newton, MA-NH",1970,128
"Boston-Cambridge-Newton, MA-NH",2457,0
"Boston-Cambridge-Newton, MA-NH",2482,21
"Boston-Cambridge-Newton, MA-NH",2062,53
"Boston-Cambridge-Newton, MA-NH",1945,36
"Boston-Cambridge-Newton, MA-NH",1864,7
"Boston-Cambridge-Newton, MA-NH",2190,24
"Boston-Cambridge-Newton, MA-NH",1730,10
"Boston-Cambridge-Newton, MA-NH",1731,0
"Boston-Cambridge-Newton, MA-NH",1742,24
"Boston-Cambridge-Newton, MA-NH",2025,15
"Boston-Cambridge-Newton, MA-NH",2072,30
"Boston-Cambridge-Newton, MA-NH",2343,6
"Boston-Cambridge-Newton, MA-NH",2067,20
"Boston-Cambridge-Newton, MA-NH",1778,10
"Boston-Cambridge-Newton, MA-NH",2061,2
"Boston-Cambridge-Newton, MA-NH",2370,10
"Boston-Cambridge-Newton, MA-NH",2081,5
"Boston-Cambridge-Newton, MA-NH",2052,3
"Boston-Cambridge-Newton, MA-NH",1760,42
"Boston-Cambridge-Newton, MA-NH",2066,12
"Boston-Cambridge-Newton, MA-NH",1821,13
"Boston-Cambridge-Newton, MA-NH",1923,19
"Boston-Cambridge-Newton, MA-NH",1949,5
"Boston-Cambridge-Newton, MA-NH",2322,3
"Boston-Cambridge-Newton, MA-NH",1770,4
"Boston-Cambridge-Newton, MA-NH",2351,16
"Boston-Cambridge-Newton, MA-NH",1776,7
"Boston-Cambridge-Newton, MA-NH",1701,25
"Boston-Cambridge-Newton, MA-NH",1915,58
"Boston-Cambridge-Newton, MA-NH",1937,0
"Boston-Cambridge-Newton, MA-NH",1876,12
"Boston-Cambridge-Newton, MA-NH",2032,2
"Boston-Cambridge-Newton, MA-NH",2302,16
"Boston-Cambridge-Newton, MA-NH",2301,75
"Boston-Cambridge-Newton, MA-NH",1741,4
"Boston-Cambridge-Newton, MA-NH",1845,42
"Boston-Cambridge-Newton, MA-NH",1921,1
"Boston-Cambridge-Newton, MA-NH",1983,8
"Boston-Cambridge-Newton, MA-NH",1810,31
"Boston-Cambridge-Newton, MA-NH",2339,6
"Boston-Cambridge-Newton, MA-NH",1984,2
"Boston-Cambridge-Newton, MA-NH",1702,33
"Boston-Cambridge-Newton, MA-NH",2054,2
"Boston-Cambridge-Newton, MA-NH",1886,17
"Boston-Cambridge-Newton, MA-NH",1720,22
"Boston-Cambridge-Newton, MA-NH",2356,10
"Boston-Cambridge-Newton, MA-NH",1824,11
"Boston-Cambridge-Newton, MA-NH",1862,4
"Boston-Cambridge-Newton, MA-NH",1752,67
"Boston-Cambridge-Newton, MA-NH",1982,3
"Boston-Cambridge-Newton, MA-NH",2056,5
"Boston-Cambridge-Newton, MA-NH",1721,25
"Boston-Cambridge-Newton, MA-NH",1746,4
"Boston-Cambridge-Newton, MA-NH",2048,22
"Boston-Cambridge-Newton, MA-NH",2035,25
"Boston-Cambridge-Newton, MA-NH",2053,6
"Boston-Cambridge-Newton, MA-NH",2382,15
"Boston-Cambridge-Newton, MA-NH",2359,10
"Boston-Cambridge-Newton, MA-NH",2071,0
"Boston-Cambridge-Newton, MA-NH",1944,11
"Boston-Cambridge-Newton, MA-NH",2341,1
"Boston-Cambridge-Newton, MA-NH",2050,20
"Boston-Cambridge-Newton, MA-NH",1754,19
"Boston-Cambridge-Newton, MA-NH",1938,12
"Boston-Cambridge-Newton, MA-NH",1772,6
"Boston-Cambridge-Newton, MA-NH",2333,0
"Boston-Cambridge-Newton, MA-NH",1775,3
"Boston-Cambridge-Newton, MA-NH",2379,0
"Boston-Cambridge-Newton, MA-NH",2375,9
"Boston-Cambridge-Newton, MA-NH",1929,0
"Boston-Cambridge-Newton, MA-NH",1745,0
"Boston-Cambridge-Newton, MA-NH",1969,4
"Boston-Cambridge-Newton, MA-NH",1852,71
"Boston-Cambridge-Newton, MA-NH",1851,37
"Boston-Cambridge-Newton, MA-NH",2093,4
"Boston-Cambridge-Newton, MA-NH",1718,0
"Boston-Cambridge-Newton, MA-NH",1460,3
"Boston-Cambridge-Newton, MA-NH",1930,42
"Boston-Cambridge-Newton, MA-NH",2038,30
"Boston-Cambridge-Newton, MA-NH",2767,3
"Boston-Cambridge-Newton, MA-NH",2324,33
"Boston-Cambridge-Newton, MA-NH",1749,15
"Boston-Cambridge-Newton, MA-NH",1748,5
"Boston-Cambridge-Newton, MA-NH",1826,17
"Boston-Cambridge-Newton, MA-NH",1844,24
"Boston-Cambridge-Newton, MA-NH",1843,22
"Boston-Cambridge-Newton, MA-NH",1719,6
"Boston-Cambridge-Newton, MA-NH",2047,0
"Boston-Cambridge-Newton, MA-NH",2019,8
"Boston-Cambridge-Newton, MA-NH",1863,5
"Boston-Cambridge-Newton, MA-NH",2762,5
"Boston-Cambridge-Newton, MA-NH",1850,36
"Boston-Cambridge-Newton, MA-NH",2332,17
"Boston-Cambridge-Newton, MA-NH",2338,1
"Boston-Cambridge-Newton, MA-NH",1835,13
"Boston-Cambridge-Newton, MA-NH",1833,2
"Boston-Cambridge-Newton, MA-NH",3076,6
"Boston-Cambridge-Newton, MA-NH",1834,4
"Boston-Cambridge-Newton, MA-NH",2760,38
"Boston-Cambridge-Newton, MA-NH",1581,29
"Boston-Cambridge-Newton, MA-NH",1841,21
"Boston-Cambridge-Newton, MA-NH",1854,60
"Boston-Cambridge-Newton, MA-NH",1740,5
"Boston-Cambridge-Newton, MA-NH",1451,1
"Boston-Cambridge-Newton, MA-NH",1840,7
"Boston-Cambridge-Newton, MA-NH",1757,6
"Boston-Cambridge-Newton, MA-NH",2367,2
"Boston-Cambridge-Newton, MA-NH",2364,6
"Boston-Cambridge-Newton, MA-NH",1922,1
"Boston-Cambridge-Newton, MA-NH",1879,7
"Boston-Cambridge-Newton, MA-NH",1830,32
"Boston-Cambridge-Newton, MA-NH",1432,10
"Boston-Cambridge-Newton, MA-NH",1450,10
"Boston-Cambridge-Newton, MA-NH",1951,12
"Boston-Cambridge-Newton, MA-NH",1503,0
"Boston-Cambridge-Newton, MA-NH",2864,18
"Boston-Cambridge-Newton, MA-NH",2346,19
"Boston-Cambridge-Newton, MA-NH",1832,55
"Boston-Cambridge-Newton, MA-NH",3062,14
"Boston-Cambridge-Newton, MA-NH",1827,3
"Boston-Cambridge-Newton, MA-NH",1532,16
"Boston-Cambridge-Newton, MA-NH",3079,12
"Boston-Cambridge-Newton, MA-NH",1756,1
"Boston-Cambridge-Newton, MA-NH",1747,3
"Boston-Cambridge-Newton, MA-NH",1966,17
"Boston-Cambridge-Newton, MA-NH",1568,3
"Boston-Cambridge-Newton, MA-NH",1985,1
"Boston-Cambridge-Newton, MA-NH",1950,40
"Boston-Cambridge-Newton, MA-NH",1504,4
"Boston-Cambridge-Newton, MA-NH",1860,6
"Boston-Cambridge-Newton, MA-NH",2330,3
"Boston-Cambridge-Newton, MA-NH",2360,83
"Boston-Cambridge-Newton, MA-NH",1434,1
"Boston-Cambridge-Newton, MA-NH",2895,53
"Boston-Cambridge-Newton, MA-NH",1464,3
"Boston-Cambridge-Newton, MA-NH",2718,3
"Boston-Cambridge-Newton, MA-NH",2347,3
"Boston-Cambridge-Newton, MA-NH",3087,6
"Boston-Cambridge-Newton, MA-NH",1913,16
"Boston-Cambridge-Newton, MA-NH",3811,2
"Boston-Cambridge-Newton, MA-NH",3865,2
"Boston-Cambridge-Newton, MA-NH",1463,9
"Boston-Cambridge-Newton, MA-NH",3858,0
"Boston-Cambridge-Newton, MA-NH",3051,6
"Boston-Cambridge-Newton, MA-NH",1462,3
"Boston-Cambridge-Newton, MA-NH",1523,1
"Boston-Cambridge-Newton, MA-NH",3038,27
"Boston-Cambridge-Newton, MA-NH",3841,6
"Boston-Cambridge-Newton, MA-NH",1952,8
"Boston-Cambridge-Newton, MA-NH",3827,0
"Boston-Cambridge-Newton, MA-NH",3053,10
"Boston-Cambridge-Newton, MA-NH",3826,1
"Boston-Cambridge-Newton, MA-NH",3848,4
"Boston-Cambridge-Newton, MA-NH",3049,6
"Boston-Cambridge-Newton, MA-NH",2770,1
"Boston-Cambridge-Newton, MA-NH",3819,0
"Boston-Cambridge-Newton, MA-NH",1469,6
"Boston-Cambridge-Newton, MA-NH",3874,4
"Boston-Cambridge-Newton, MA-NH",2576,1
"Boston-Cambridge-Newton, MA-NH",2717,2
"Boston-Cambridge-Newton, MA-NH",3873,2
"Boston-Cambridge-Newton, MA-NH",3844,1
"Boston-Cambridge-Newton, MA-NH",2779,0
"Boston-Cambridge-Newton, MA-NH",2702,0
"Boston-Cambridge-Newton, MA-NH",3052,0
"Boston-Cambridge-Newton, MA-NH",3833,23
"Boston-Cambridge-Newton, MA-NH",3044,4
"Boston-Cambridge-Newton, MA-NH",2571,10
"Boston-Cambridge-Newton, MA-NH",1474,1
"Boston-Cambridge-Newton, MA-NH",2366,0
"Boston-Cambridge-Newton, MA-NH",3103,68
"Boston-Cambridge-Newton, MA-NH",3036,2
"Boston-Cambridge-Newton, MA-NH",3842,20
"Boston-Cambridge-Newton, MA-NH",3032,1
"Boston-Cambridge-Newton, MA-NH",3109,14
"Boston-Cambridge-Newton, MA-NH",1431,3
"Boston-Cambridge-Newton, MA-NH",3048,0
"Boston-Cambridge-Newton, MA-NH",3077,1
"Boston-Cambridge-Newton, MA-NH",2538,6
"Boston-Cambridge-Newton, MA-NH",2743,2
"Boston-Cambridge-Newton, MA-NH",2739,8
"Boston-Cambridge-Newton, MA-NH",3862,8
"Boston-Cambridge-Newton, MA-NH",3034,1
"Boston-Cambridge-Newton, MA-NH",1420,64
"Boston-Cambridge-Newton, MA-NH",3042,1
"Boston-Cambridge-Newton, MA-NH",1430,1
"Boston-Cambridge-Newton, MA-NH",2562,7
"Boston-Cambridge-Newton, MA-NH",2738,4
"Boston-Cambridge-Newton, MA-NH",3885,4
"Boston-Cambridge-Newton, MA-NH",3870,10
"Boston-Cambridge-Newton, MA-NH",3856,1
"Boston-Cambridge-Newton, MA-NH",3840,3
"Boston-Cambridge-Newton, MA-NH",2532,17
"Boston-Cambridge-Newton, MA-NH",3871,0
"Boston-Cambridge-Newton, MA-NH",3106,8
"Boston-Cambridge-Newton, MA-NH",3104,60
"Boston-Cambridge-Newton, MA-NH",2558,1
"Boston-Cambridge-Newton, MA-NH",3801,70
"Boston-Cambridge-Newton, MA-NH",3857,10
"Boston-Cambridge-Newton, MA-NH",3290,4
"Boston-Cambridge-Newton, MA-NH",2719,9
"Boston-Cambridge-Newton, MA-NH",3037,3
"Boston-Cambridge-Newton, MA-NH",3824,9
"Boston-Cambridge-Newton, MA-NH",3820,78
"Boston-Cambridge-Newton, MA-NH",3903,8
"Boston-Cambridge-Newton, MA-NH",3861,2
"Boston-Cambridge-Newton, MA-NH",3825,1
"Boston-Cambridge-Newton, MA-NH",3261,2
"Boston-Cambridge-Newton, MA-NH",3291,0
"Boston-Cambridge-Newton, MA-NH",3275,3
"Boston-Cambridge-Newton, MA-NH",3854,0
"Boston-Cambridge-Newton, MA-NH",3234,0
"Boston-Cambridge-Newton, MA-NH",3823,0
"Boston-Cambridge-Newton, MA-NH",3884,1
"Boston-Cambridge-Newton, MA-NH",3908,12
"Boston-Cambridge-Newton, MA-NH",3869,1
"Boston-Cambridge-Newton, MA-NH",3835,3
"Boston-Cambridge-Newton, MA-NH",3225,0
"Boston-Cambridge-Newton, MA-NH",3878,13
"Boston-Cambridge-Newton, MA-NH",3263,4
"Boston-Cambridge-Newton, MA-NH",3218,0
"Boston-Cambridge-Newton, MA-NH",3839,7
"Boston-Cambridge-Newton, MA-NH",3867,19
"Boston-Cambridge-Newton, MA-NH",3901,6
"Boston-Cambridge-Newton, MA-NH",3868,3
"Boston-Cambridge-Newton, MA-NH",3851,4
"Boston-Cambridge-Newton, MA-NH",4027,0
"Boston-Cambridge-Newton, MA-NH",3855,1
"Boston-Cambridge-Newton, MA-NH",3809,3
"Boston-Cambridge-Newton, MA-NH",3887,0
"Boston-Cambridge-Newton, MA-NH",3894,4
"Boston-Cambridge-Newton, MA-NH",4001,0
"Boston-Cambridge-Newton, MA-NH",3852,0
"Buffalo-Cheektowaga-Niagara Falls, NY",14210,36
"Buffalo-Cheektowaga-Niagara Falls, NY",14220,21
"Buffalo-Cheektowaga-Niagara Falls, NY",14209,41
"Buffalo-Cheektowaga-Niagara Falls, NY",14213,90
"Buffalo-Cheektowaga-Niagara Falls, NY",14208,48
"Buffalo-Cheektowaga-Niagara Falls, NY",14206,25
"Buffalo-Cheektowaga-Niagara Falls, NY",14222,89
"Buffalo-Cheektowaga-Niagara Falls, NY",14211,47
"Buffalo-Cheektowaga-Niagara Falls, NY",14212,26
"Buffalo-Cheektowaga-Niagara Falls, NY",14218,7
"Buffalo-Cheektowaga-Niagara Falls, NY",14216,72
"Buffalo-Cheektowaga-Niagara Falls, NY",14214,62
"Buffalo-Cheektowaga-Niagara Falls, NY",14207,50
"Buffalo-Cheektowaga-Niagara Falls, NY",14215,70
"Buffalo-Cheektowaga-Niagara Falls, NY",14224,19
"Buffalo-Cheektowaga-Niagara Falls, NY",14219,7
"Buffalo-Cheektowaga-Niagara Falls, NY",14227,12
"Buffalo-Cheektowaga-Niagara Falls, NY",14225,17
"Buffalo-Cheektowaga-Niagara Falls, NY",14217,16
"Buffalo-Cheektowaga-Niagara Falls, NY",14150,26
"Buffalo-Cheektowaga-Niagara Falls, NY",14223,17
"Buffalo-Cheektowaga-Niagara Falls, NY",14226,35
"Buffalo-Cheektowaga-Niagara Falls, NY",14072,7
"Buffalo-Cheektowaga-Niagara Falls, NY",14075,18
"Buffalo-Cheektowaga-Niagara Falls, NY",14043,15
"Buffalo-Cheektowaga-Niagara Falls, NY",14127,15
"Buffalo-Cheektowaga-Niagara Falls, NY",14221,42
"Buffalo-Cheektowaga-Niagara Falls, NY",14228,21
"Buffalo-Cheektowaga-Niagara Falls, NY",14261,0
"Buffalo-Cheektowaga-Niagara Falls, NY",14068,3
"Buffalo-Cheektowaga-Niagara Falls, NY",14059,1
"Buffalo-Cheektowaga-Niagara Falls, NY",14120,27
"Buffalo-Cheektowaga-Niagara Falls, NY",14086,10
"Buffalo-Cheektowaga-Niagara Falls, NY",14052,2
"Buffalo-Cheektowaga-Niagara Falls, NY",14085,4
"Buffalo-Cheektowaga-Niagara Falls, NY",14057,2
"Buffalo-Cheektowaga-Niagara Falls, NY",14026,0
"Buffalo-Cheektowaga-Niagara Falls, NY",14051,10
"Buffalo-Cheektowaga-Niagara Falls, NY",14004,0
"Buffalo-Cheektowaga-Niagara Falls, NY",14031,6
"Buffalo-Cheektowaga-Niagara Falls, NY",14047,3
"Buffalo-Cheektowaga-Niagara Falls, NY",14112,0
"Buffalo-Cheektowaga-Niagara Falls, NY",14094,44
"Buffalo-Cheektowaga-Niagara Falls, NY",14170,0
"Buffalo-Cheektowaga-Niagara Falls, NY",14304,24
"Buffalo-Cheektowaga-Niagara Falls, NY",14032,1
"Buffalo-Cheektowaga-Niagara Falls, NY",14102,0
"Buffalo-Cheektowaga-Niagara Falls, NY",14033,0
"Buffalo-Cheektowaga-Niagara Falls, NY",14006,5
"Buffalo-Cheektowaga-Niagara Falls, NY",14001,1
"Buffalo-Cheektowaga-Niagara Falls, NY",14111,0
"Buffalo-Cheektowaga-Niagara Falls, NY",14132,1
"Buffalo-Cheektowaga-Niagara Falls, NY",14025,3
"Buffalo-Cheektowaga-Niagara Falls, NY",14303,29
"Buffalo-Cheektowaga-Niagara Falls, NY",14139,0
"Buffalo-Cheektowaga-Niagara Falls, NY",14080,1
"Buffalo-Cheektowaga-Niagara Falls, NY",14305,20
"Buffalo-Cheektowaga-Niagara Falls, NY",14301,45
"Buffalo-Cheektowaga-Niagara Falls, NY",14036,0
"Buffalo-Cheektowaga-Niagara Falls, NY",14302,0
"Buffalo-Cheektowaga-Niagara Falls, NY",14081,0
"Buffalo-Cheektowaga-Niagara Falls, NY",14141,3
"Buffalo-Cheektowaga-Niagara Falls, NY",14169,0
"Buffalo-Cheektowaga-Niagara Falls, NY",14037,0
"Buffalo-Cheektowaga-Niagara Falls, NY",14145,0
"Buffalo-Cheektowaga-Niagara Falls, NY",14092,16
"Buffalo-Cheektowaga-Niagara Falls, NY",14109,0
"Buffalo-Cheektowaga-Niagara Falls, NY",14174,3
"Buffalo-Cheektowaga-Niagara Falls, NY",14131,4
"Buffalo-Cheektowaga-Niagara Falls, NY",14105,0
"Buffalo-Cheektowaga-Niagara Falls, NY",14067,3
"Buffalo-Cheektowaga-Niagara Falls, NY",14069,0
"Buffalo-Cheektowaga-Niagara Falls, NY",14091,0
"Buffalo-Cheektowaga-Niagara Falls, NY",14034,2
"Buffalo-Cheektowaga-Niagara Falls, NY",14013,0
"Buffalo-Cheektowaga-Niagara Falls, NY",14108,0
"Buffalo-Cheektowaga-Niagara Falls, NY",14172,3
"Buffalo-Cheektowaga-Niagara Falls, NY",14055,0
"Buffalo-Cheektowaga-Niagara Falls, NY",14009,1
"Buffalo-Cheektowaga-Niagara Falls, NY",14030,0
"Buffalo-Cheektowaga-Niagara Falls, NY",14061,0
"Buffalo-Cheektowaga-Niagara Falls, NY",14070,2
"Buffalo-Cheektowaga-Niagara Falls, NY",14129,0
"Buffalo-Cheektowaga-Niagara Falls, NY",14171,2
"Buffalo-Cheektowaga-Niagara Falls, NY",14729,0
"Buffalo-Cheektowaga-Niagara Falls, NY",14028,0
"Buffalo-Cheektowaga-Niagara Falls, NY",14008,1
"Buffalo-Cheektowaga-Niagara Falls, NY",14035,0
"Buffalo-Cheektowaga-Niagara Falls, NY",14719,0
"Buffalo-Cheektowaga-Niagara Falls, NY",14103,3
"Buffalo-Cheektowaga-Niagara Falls, NY",14012,0
"Buffalo-Cheektowaga-Niagara Falls, NY",14126,0
"Buffalo-Cheektowaga-Niagara Falls, NY",14134,0
"Buffalo-Cheektowaga-Niagara Falls, NY",14173,0
"Buffalo-Cheektowaga-Niagara Falls, NY",14098,0
"Charlotte-Concord-Gastonia, NC-SC",28280,0
"Charlotte-Concord-Gastonia, NC-SC",28282,0
"Charlotte-Concord-Gastonia, NC-SC",28244,0
"Charlotte-Concord-Gastonia, NC-SC",28203,80
"Charlotte-Concord-Gastonia, NC-SC",28202,99
"Charlotte-Concord-Gastonia, NC-SC",28206,42
"Charlotte-Concord-Gastonia, NC-SC",28208,141
"Charlotte-Concord-Gastonia, NC-SC",28204,47
"Charlotte-Concord-Gastonia, NC-SC",28216,142
"Charlotte-Concord-Gastonia, NC-SC",28205,164
"Charlotte-Concord-Gastonia, NC-SC",28207,31
"Charlotte-Concord-Gastonia, NC-SC",28209,89
"Charlotte-Concord-Gastonia, NC-SC",28217,33
"Charlotte-Concord-Gastonia, NC-SC",28211,55
"Charlotte-Concord-Gastonia, NC-SC",28269,256
"Charlotte-Concord-Gastonia, NC-SC",28213,127
"Charlotte-Concord-Gastonia, NC-SC",28215,125
"Charlotte-Concord-Gastonia, NC-SC",28214,127
"Charlotte-Concord-Gastonia, NC-SC",28262,106
"Charlotte-Concord-Gastonia, NC-SC",28212,39
"Charlotte-Concord-Gastonia, NC-SC",28210,91
"Charlotte-Concord-Gastonia, NC-SC",28273,93
"Charlotte-Concord-Gastonia, NC-SC",28270,45
"Charlotte-Concord-Gastonia, NC-SC",28226,53
"Charlotte-Concord-Gastonia, NC-SC",28278,88
"Charlotte-Concord-Gastonia, NC-SC",28227,64
"Charlotte-Concord-Gastonia, NC-SC",29715,31
"Charlotte-Concord-Gastonia, NC-SC",28134,24
"Charlotte-Concord-Gastonia, NC-SC",28105,65
"Charlotte-Concord-Gastonia, NC-SC",28012,44
"Charlotte-Concord-Gastonia, NC-SC",28120,27
"Charlotte-Concord-Gastonia, NC-SC",28078,139
"Charlotte-Concord-Gastonia, NC-SC",28277,151
"Charlotte-Concord-Gastonia, NC-SC",29708,39
"Charlotte-Concord-Gastonia, NC-SC",28075,33
"Charlotte-Concord-Gastonia, NC-SC",28164,11
"Charlotte-Concord-Gastonia, NC-SC",28031,78
"Charlotte-Concord-Gastonia, NC-SC",29707,25
"Charlotte-Concord-Gastonia, NC-SC",28027,109
"Charlotte-Concord-Gastonia, NC-SC",29710,32
"Charlotte-Concord-Gastonia, NC-SC",28104,33
"Charlotte-Concord-Gastonia, NC-SC",28079,51
"Charlotte-Concord-Gastonia, NC-SC",28056,44
"Charlotte-Concord-Gastonia, NC-SC",28032,8
"Charlotte-Concord-Gastonia, NC-SC",28101,0
"Charlotte-Concord-Gastonia, NC-SC",28025,103
"Charlotte-Concord-Gastonia, NC-SC",28107,4
"Charlotte-Concord-Gastonia, NC-SC",28110,69
"Charlotte-Concord-Gastonia, NC-SC",28036,52
"Charlotte-Concord-Gastonia, NC-SC",28173,64
"Charlotte-Concord-Gastonia, NC-SC",28098,4
"Charlotte-Concord-Gastonia, NC-SC",29745,13
"Charlotte-Concord-Gastonia, NC-SC",29732,78
"Charlotte-Concord-Gastonia, NC-SC",28054,63
"Charlotte-Concord-Gastonia, NC-SC",28080,4
"Charlotte-Concord-Gastonia, NC-SC",28037,26
"Charlotte-Concord-Gastonia, NC-SC",28034,20
"Charlotte-Concord-Gastonia, NC-SC",28006,1
"Charlotte-Concord-Gastonia, NC-SC",29730,60
"Charlotte-Concord-Gastonia, NC-SC",28052,61
"Charlotte-Concord-Gastonia, NC-SC",28115,80
"Charlotte-Concord-Gastonia, NC-SC",28081,27
"Charlotte-Concord-Gastonia, NC-SC",29720,14
"Charlotte-Concord-Gastonia, NC-SC",28117,76
"Charlotte-Concord-Gastonia, NC-SC",29704,0
"Charlotte-Concord-Gastonia, NC-SC",28103,6
"Charlotte-Concord-Gastonia, NC-SC",28163,1
"Charlotte-Concord-Gastonia, NC-SC",28097,3
"Charlotte-Concord-Gastonia, NC-SC",28650,7
"Charlotte-Concord-Gastonia, NC-SC",28092,16
"Charlotte-Concord-Gastonia, NC-SC",28124,3
"Charlotte-Concord-Gastonia, NC-SC",28108,0
"Charlotte-Concord-Gastonia, NC-SC",28083,54
"Charlotte-Concord-Gastonia, NC-SC",28077,0
"Charlotte-Concord-Gastonia, NC-SC",28016,5
"Charlotte-Concord-Gastonia, NC-SC",28112,18
"Charlotte-Concord-Gastonia, NC-SC",28673,14
"Charlotte-Concord-Gastonia, NC-SC",28138,1
"Charlotte-Concord-Gastonia, NC-SC",28023,4
"Charlotte-Concord-Gastonia, NC-SC",29733,0
"Charlotte-Concord-Gastonia, NC-SC",28682,3
"Charlotte-Concord-Gastonia, NC-SC",28086,11
"Charlotte-Concord-Gastonia, NC-SC",28174,9
"Charlotte-Concord-Gastonia, NC-SC",28088,1
"Charlotte-Concord-Gastonia, NC-SC",29712,2
"Charlotte-Concord-Gastonia, NC-SC",29702,1
"Charlotte-Concord-Gastonia, NC-SC",28129,10
"Charlotte-Concord-Gastonia, NC-SC",29726,0
"Charlotte-Concord-Gastonia, NC-SC",28166,6
"Charlotte-Concord-Gastonia, NC-SC",28033,0
"Charlotte-Concord-Gastonia, NC-SC",28125,0
"Charlotte-Concord-Gastonia, NC-SC",28146,5
"Charlotte-Concord-Gastonia, NC-SC",28137,1
"Charlotte-Concord-Gastonia, NC-SC",28071,0
"Charlotte-Concord-Gastonia, NC-SC",29728,0
"Charlotte-Concord-Gastonia, NC-SC",28147,8
"Charlotte-Concord-Gastonia, NC-SC",28109,0
"Charlotte-Concord-Gastonia, NC-SC",29743,0
"Charlotte-Concord-Gastonia, NC-SC",27013,0
"Charlotte-Concord-Gastonia, NC-SC",29706,6
"Charlotte-Concord-Gastonia, NC-SC",29714,0
"Charlotte-Concord-Gastonia, NC-SC",28021,6
"Charlotte-Concord-Gastonia, NC-SC",28135,0
"Charlotte-Concord-Gastonia, NC-SC",28133,0
"Charlotte-Concord-Gastonia, NC-SC",28677,35
"Charlotte-Concord-Gastonia, NC-SC",29742,0
"Charlotte-Concord-Gastonia, NC-SC",29729,0
"Charlotte-Concord-Gastonia, NC-SC",29724,0
"Charlotte-Concord-Gastonia, NC-SC",28609,4
"Charlotte-Concord-Gastonia, NC-SC",28168,0
"Charlotte-Concord-Gastonia, NC-SC",29717,0
"Charlotte-Concord-Gastonia, NC-SC",28144,25
"Charlotte-Concord-Gastonia, NC-SC",28072,1
"Charlotte-Concord-Gastonia, NC-SC",29340,14
"Charlotte-Concord-Gastonia, NC-SC",28090,1
"Charlotte-Concord-Gastonia, NC-SC",28625,11
"Charlotte-Concord-Gastonia, NC-SC",29055,0
"Charlotte-Concord-Gastonia, NC-SC",28127,3
"Charlotte-Concord-Gastonia, NC-SC",27239,6
"Charlotte-Concord-Gastonia, NC-SC",29058,0
"Charlotte-Concord-Gastonia, NC-SC",29718,0
"Charlotte-Concord-Gastonia, NC-SC",29067,0
"Charlotte-Concord-Gastonia, NC-SC",27014,0
"Charlotte-Concord-Gastonia, NC-SC",29364,0
"Charlotte-Concord-Gastonia, NC-SC",29379,6
"Charlotte-Concord-Gastonia, NC-SC",29031,0
"Charlotte-Concord-Gastonia, NC-SC",28612,1
"Charlotte-Concord-Gastonia, NC-SC",29180,2
"Charlotte-Concord-Gastonia, NC-SC",29020,8
"Charlotte-Concord-Gastonia, NC-SC",29074,0
"Charlotte-Concord-Gastonia, NC-SC",28634,0
"Charlotte-Concord-Gastonia, NC-SC",29015,1
"Charlotte-Concord-Gastonia, NC-SC",28636,0
"Charlotte-Concord-Gastonia, NC-SC",28660,0
"Charlotte-Concord-Gastonia, NC-SC",27055,2
"Charlotte-Concord-Gastonia, NC-SC",27020,0
"Charlotte-Concord-Gastonia, NC-SC",28689,0
"Chicago-Naperville-Elgin, IL-IN-WI",60602,16
"Chicago-Naperville-Elgin, IL-IN-WI",60605,341
"Chicago-Naperville-Elgin, IL-IN-WI",60603,22
"Chicago-Naperville-Elgin, IL-IN-WI",60606,50
"Chicago-Naperville-Elgin, IL-IN-WI",60601,204
"Chicago-Naperville-Elgin, IL-IN-WI",60604,12
"Chicago-Naperville-Elgin, IL-IN-WI",60607,282
"Chicago-Naperville-Elgin, IL-IN-WI",60654,347
"Chicago-Naperville-Elgin, IL-IN-WI",60608,257
"Chicago-Naperville-Elgin, IL-IN-WI",60661,122
"Chicago-Naperville-Elgin, IL-IN-WI",60616,248
"Chicago-Naperville-Elgin, IL-IN-WI",60611,567
"Chicago-Naperville-Elgin, IL-IN-WI",60610,483
"Chicago-Naperville-Elgin, IL-IN-WI",60642,252
"Chicago-Naperville-Elgin, IL-IN-WI",60612,209
"Chicago-Naperville-Elgin, IL-IN-WI",60614,17
"Chicago-Naperville-Elgin, IL-IN-WI",60622,588
"Chicago-Naperville-Elgin, IL-IN-WI",60653,125
"Chicago-Naperville-Elgin, IL-IN-WI",60609,94
"Chicago-Naperville-Elgin, IL-IN-WI",60657,323
"Chicago-Naperville-Elgin, IL-IN-WI",60647,859
"Chicago-Naperville-Elgin, IL-IN-WI",60623,163
"Chicago-Naperville-Elgin, IL-IN-WI",60624,182
"Chicago-Naperville-Elgin, IL-IN-WI",60632,57
"Chicago-Naperville-Elgin, IL-IN-WI",60651,160
"Chicago-Naperville-Elgin, IL-IN-WI",60618,655
"Chicago-Naperville-Elgin, IL-IN-WI",60615,407
"Chicago-Naperville-Elgin, IL-IN-WI",60644,176
"Chicago-Naperville-Elgin, IL-IN-WI",60804,64
"Chicago-Naperville-Elgin, IL-IN-WI",60613,948
"Chicago-Naperville-Elgin, IL-IN-WI",60639,219
"Chicago-Naperville-Elgin, IL-IN-WI",60621,163
"Chicago-Naperville-Elgin, IL-IN-WI",60637,400
"Chicago-Naperville-Elgin, IL-IN-WI",60640,866
"Chicago-Naperville-Elgin, IL-IN-WI",60636,104
"Chicago-Naperville-Elgin, IL-IN-WI",60641,247
"Chicago-Naperville-Elgin, IL-IN-WI",60625,597
"Chicago-Naperville-Elgin, IL-IN-WI",60629,122
"Chicago-Naperville-Elgin, IL-IN-WI",60304,56
"Chicago-Naperville-Elgin, IL-IN-WI",60649,510
"Chicago-Naperville-Elgin, IL-IN-WI",60402,101
"Chicago-Naperville-Elgin, IL-IN-WI",60638,39
"Chicago-Naperville-Elgin, IL-IN-WI",60660,626
"Chicago-Naperville-Elgin, IL-IN-WI",60302,144
"Chicago-Naperville-Elgin, IL-IN-WI",60659,117
"Chicago-Naperville-Elgin, IL-IN-WI",60619,349
"Chicago-Naperville-Elgin, IL-IN-WI",60630,122
"Chicago-Naperville-Elgin, IL-IN-WI",60634,98
"Chicago-Naperville-Elgin, IL-IN-WI",60525,40
"Chicago-Naperville-Elgin, IL-IN-WI",60501,5
"Chicago-Naperville-Elgin, IL-IN-WI",60646,34
"Chicago-Naperville-Elgin, IL-IN-WI",60620,311
"Chicago-Naperville-Elgin, IL-IN-WI",60707,60
"Chicago-Naperville-Elgin, IL-IN-WI",60645,274
"Chicago-Naperville-Elgin, IL-IN-WI",60626,699
"Chicago-Naperville-Elgin, IL-IN-WI",60301,15
"Chicago-Naperville-Elgin, IL-IN-WI",60652,22
"Chicago-Naperville-Elgin, IL-IN-WI",60130,84
"Chicago-Naperville-Elgin, IL-IN-WI",60617,210
"Chicago-Naperville-Elgin, IL-IN-WI",60305,18
"Chicago-Naperville-Elgin, IL-IN-WI",60546,20
"Chicago-Naperville-Elgin, IL-IN-WI",60712,22
"Chicago-Naperville-Elgin, IL-IN-WI",60459,20
"Chicago-Naperville-Elgin, IL-IN-WI",60534,12
"Chicago-Naperville-Elgin, IL-IN-WI",60455,14
"Chicago-Naperville-Elgin, IL-IN-WI",60076,47
"Chicago-Naperville-Elgin, IL-IN-WI",60141,0
"Chicago-Naperville-Elgin, IL-IN-WI",60153,34
"Chicago-Naperville-Elgin, IL-IN-WI",60706,19
"Chicago-Naperville-Elgin, IL-IN-WI",60628,132
"Chicago-Naperville-Elgin, IL-IN-WI",60160,21
"Chicago-Naperville-Elgin, IL-IN-WI",60805,14
"Chicago-Naperville-Elgin, IL-IN-WI",60643,71
"Chicago-Naperville-Elgin, IL-IN-WI",60202,271
"Chicago-Naperville-Elgin, IL-IN-WI",60656,44
"Chicago-Naperville-Elgin, IL-IN-WI",60513,32
"Chicago-Naperville-Elgin, IL-IN-WI",60171,16
"Chicago-Naperville-Elgin, IL-IN-WI",60480,2
"Chicago-Naperville-Elgin, IL-IN-WI",60458,16
"Chicago-Naperville-Elgin, IL-IN-WI",60714,29
"Chicago-Naperville-Elgin, IL-IN-WI",60077,81
"Chicago-Naperville-Elgin, IL-IN-WI",60131,18
"Chicago-Naperville-Elgin, IL-IN-WI",60456,4
"Chicago-Naperville-Elgin, IL-IN-WI",60155,11
"Chicago-Naperville-Elgin, IL-IN-WI",60453,47
"Chicago-Naperville-Elgin, IL-IN-WI",60631,40
"Chicago-Naperville-Elgin, IL-IN-WI",60053,19
"Chicago-Naperville-Elgin, IL-IN-WI",60165,1
"Chicago-Naperville-Elgin, IL-IN-WI",60164,9
"Chicago-Naperville-Elgin, IL-IN-WI",60633,11
"Chicago-Naperville-Elgin, IL-IN-WI",60201,231
"Chicago-Naperville-Elgin, IL-IN-WI",60104,14
"Chicago-Naperville-Elgin, IL-IN-WI",60655,13
"Chicago-Naperville-Elgin, IL-IN-WI",60526,7
"Chicago-Naperville-Elgin, IL-IN-WI",60154,9
"Chicago-Naperville-Elgin, IL-IN-WI",46320,18
"Chicago-Naperville-Elgin, IL-IN-WI",60018,15
"Chicago-Naperville-Elgin, IL-IN-WI",60176,31
"Chicago-Naperville-Elgin, IL-IN-WI",60068,65
"Chicago-Naperville-Elgin, IL-IN-WI",60203,4
"Chicago-Naperville-Elgin, IL-IN-WI",60163,2
"Chicago-Naperville-Elgin, IL-IN-WI",60162,12
"Chicago-Naperville-Elgin, IL-IN-WI",60091,47
"Chicago-Naperville-Elgin, IL-IN-WI",60415,22
"Chicago-Naperville-Elgin, IL-IN-WI",60803,25
"Chicago-Naperville-Elgin, IL-IN-WI",46394,10
"Chicago-Naperville-Elgin, IL-IN-WI",46327,7
"Chicago-Naperville-Elgin, IL-IN-WI",60126,59
"Chicago-Naperville-Elgin, IL-IN-WI",60558,12
"Chicago-Naperville-Elgin, IL-IN-WI",60457,11
"Chicago-Naperville-Elgin, IL-IN-WI",60521,24
"Chicago-Naperville-Elgin, IL-IN-WI",60523,3
"Chicago-Naperville-Elgin, IL-IN-WI",60827,58
"Chicago-Naperville-Elgin, IL-IN-WI",60025,51
"Chicago-Naperville-Elgin, IL-IN-WI",60029,0
"Chicago-Naperville-Elgin, IL-IN-WI",60406,25
"Chicago-Naperville-Elgin, IL-IN-WI",60106,12
"Chicago-Naperville-Elgin, IL-IN-WI",60465,16
"Chicago-Naperville-Elgin, IL-IN-WI",60007,41
"Chicago-Naperville-Elgin, IL-IN-WI",60527,52
"Chicago-Naperville-Elgin, IL-IN-WI",60482,16
"Chicago-Naperville-Elgin, IL-IN-WI",60472,2
"Chicago-Naperville-Elgin, IL-IN-WI",60043,5
"Chicago-Naperville-Elgin, IL-IN-WI",46312,22
"Chicago-Naperville-Elgin, IL-IN-WI",60463,3
"Chicago-Naperville-Elgin, IL-IN-WI",60445,20
"Chicago-Naperville-Elgin, IL-IN-WI",60093,57
"Chicago-Naperville-Elgin, IL-IN-WI",60464,1
"Chicago-Naperville-Elgin, IL-IN-WI",60439,31
"Chicago-Naperville-Elgin, IL-IN-WI",60409,66
"Chicago-Naperville-Elgin, IL-IN-WI",60559,62
"Chicago-Naperville-Elgin, IL-IN-WI",60016,90
"Chicago-Naperville-Elgin, IL-IN-WI",60419,49
"Chicago-Naperville-Elgin, IL-IN-WI",60181,19
"Chicago-Naperville-Elgin, IL-IN-WI",60426,30
"Chicago-Naperville-Elgin, IL-IN-WI",60469,1
"Chicago-Naperville-Elgin, IL-IN-WI",60101,29
"Chicago-Naperville-Elgin, IL-IN-WI",60026,12
"Chicago-Naperville-Elgin, IL-IN-WI",60514,25
"Chicago-Naperville-Elgin, IL-IN-WI",60561,16
"Chicago-Naperville-Elgin, IL-IN-WI",60022,13
"Chicago-Naperville-Elgin, IL-IN-WI",60062,56
"Chicago-Naperville-Elgin, IL-IN-WI",60462,22
"Chicago-Naperville-Elgin, IL-IN-WI",60473,29
"Chicago-Naperville-Elgin, IL-IN-WI",60452,26
"Chicago-Naperville-Elgin, IL-IN-WI",60428,17
"Chicago-Naperville-Elgin, IL-IN-WI",60191,13
"Chicago-Naperville-Elgin, IL-IN-WI",60005,50
"Chicago-Naperville-Elgin, IL-IN-WI",60056,48
"Chicago-Naperville-Elgin, IL-IN-WI",60148,103
"Chicago-Naperville-Elgin, IL-IN-WI",60070,12
"Chicago-Naperville-Elgin, IL-IN-WI",60143,20
"Chicago-Naperville-Elgin, IL-IN-WI",60515,40
"Chicago-Naperville-Elgin, IL-IN-WI",46406,6
"Chicago-Naperville-Elgin, IL-IN-WI",60438,65
"Chicago-Naperville-Elgin, IL-IN-WI",60516,18
"Chicago-Naperville-Elgin, IL-IN-WI",46323,24
"Chicago-Naperville-Elgin, IL-IN-WI",60477,27
"Chicago-Naperville-Elgin, IL-IN-WI",60035,93
"Chicago-Naperville-Elgin, IL-IN-WI",60090,56
"Chicago-Naperville-Elgin, IL-IN-WI",60430,21
"Chicago-Naperville-Elgin, IL-IN-WI",60429,33
"Chicago-Naperville-Elgin, IL-IN-WI",60467,7
"Chicago-Naperville-Elgin, IL-IN-WI",46324,23
"Chicago-Naperville-Elgin, IL-IN-WI",60476,5
"Chicago-Naperville-Elgin, IL-IN-WI",60478,34
"Chicago-Naperville-Elgin, IL-IN-WI",60015,26
"Chicago-Naperville-Elgin, IL-IN-WI",60137,33
"Chicago-Naperville-Elgin, IL-IN-WI",60517,107
"Chicago-Naperville-Elgin, IL-IN-WI",60440,45
"Chicago-Naperville-Elgin, IL-IN-WI",60425,9
"Chicago-Naperville-Elgin, IL-IN-WI",60008,22
"Chicago-Naperville-Elgin, IL-IN-WI",46402,5
"Chicago-Naperville-Elgin, IL-IN-WI",46404,16
"Chicago-Naperville-Elgin, IL-IN-WI",60491,4
"Chicago-Naperville-Elgin, IL-IN-WI",60487,11
"Chicago-Naperville-Elgin, IL-IN-WI",60004,55
"Chicago-Naperville-Elgin, IL-IN-WI",46321,17
"Chicago-Naperville-Elgin, IL-IN-WI",60139,40
"Chicago-Naperville-Elgin, IL-IN-WI",60108,6
"Chicago-Naperville-Elgin, IL-IN-WI",60189,31
"Chicago-Naperville-Elgin, IL-IN-WI",60532,48
"Chicago-Naperville-Elgin, IL-IN-WI",60173,49
"Chicago-Naperville-Elgin, IL-IN-WI",60157,0
"Chicago-Naperville-Elgin, IL-IN-WI",46322,21
"Chicago-Naperville-Elgin, IL-IN-WI",60172,29
"Chicago-Naperville-Elgin, IL-IN-WI",60411,132
"Chicago-Naperville-Elgin, IL-IN-WI",60422,8
"Chicago-Naperville-Elgin, IL-IN-WI",46403,22
"Chicago-Naperville-Elgin, IL-IN-WI",60187,33
"Chicago-Naperville-Elgin, IL-IN-WI",60089,48
"Chicago-Naperville-Elgin, IL-IN-WI",60188,25
"Chicago-Naperville-Elgin, IL-IN-WI",46311,3
"Chicago-Naperville-Elgin, IL-IN-WI",60193,68
"Chicago-Naperville-Elgin, IL-IN-WI",60423,12
"Chicago-Naperville-Elgin, IL-IN-WI",60045,41
"Chicago-Naperville-Elgin, IL-IN-WI",60067,74
"Chicago-Naperville-Elgin, IL-IN-WI",60040,23
"Chicago-Naperville-Elgin, IL-IN-WI",60461,0
"Chicago-Naperville-Elgin, IL-IN-WI",60563,55
"Chicago-Naperville-Elgin, IL-IN-WI",60563,55
"Chicago-Naperville-Elgin, IL-IN-WI",60540,48
"Chicago-Naperville-Elgin, IL-IN-WI",60443,19
"Chicago-Naperville-Elgin, IL-IN-WI",60565,34
"Chicago-Naperville-Elgin, IL-IN-WI",60169,64
"Chicago-Naperville-Elgin, IL-IN-WI",60069,15
"Chicago-Naperville-Elgin, IL-IN-WI",60448,10
"Chicago-Naperville-Elgin, IL-IN-WI",60441,25
"Chicago-Naperville-Elgin, IL-IN-WI",60194,34
"Chicago-Naperville-Elgin, IL-IN-WI",46319,18
"Chicago-Naperville-Elgin, IL-IN-WI",46408,22
"Chicago-Naperville-Elgin, IL-IN-WI",60074,57
"Chicago-Naperville-Elgin, IL-IN-WI",46407,18
"Chicago-Naperville-Elgin, IL-IN-WI",60446,23
"Chicago-Naperville-Elgin, IL-IN-WI",46375,13
"Chicago-Naperville-Elgin, IL-IN-WI",60195,9
"Chicago-Naperville-Elgin, IL-IN-WI",60466,39
"Chicago-Naperville-Elgin, IL-IN-WI",60133,36
"Chicago-Naperville-Elgin, IL-IN-WI",60417,8
"Chicago-Naperville-Elgin, IL-IN-WI",60475,21
"Chicago-Naperville-Elgin, IL-IN-WI",46405,6
"Chicago-Naperville-Elgin, IL-IN-WI",60192,12
"Chicago-Naperville-Elgin, IL-IN-WI",60010,52
"Chicago-Naperville-Elgin, IL-IN-WI",60190,4
"Chicago-Naperville-Elgin, IL-IN-WI",60185,21
"Chicago-Naperville-Elgin, IL-IN-WI",46409,14
"Chicago-Naperville-Elgin, IL-IN-WI",60048,64
"Chicago-Naperville-Elgin, IL-IN-WI",60061,71
"Chicago-Naperville-Elgin, IL-IN-WI",60471,25
"Chicago-Naperville-Elgin, IL-IN-WI",46342,16
"Chicago-Naperville-Elgin, IL-IN-WI",60490,12
"Chicago-Naperville-Elgin, IL-IN-WI",60047,28
"Chicago-Naperville-Elgin, IL-IN-WI",60432,16
"Chicago-Naperville-Elgin, IL-IN-WI",60451,21
"Chicago-Naperville-Elgin, IL-IN-WI",46410,32
"Chicago-Naperville-Elgin, IL-IN-WI",60555,9
"Chicago-Naperville-Elgin, IL-IN-WI",60044,24
"Chicago-Naperville-Elgin, IL-IN-WI",46368,19
"Chicago-Naperville-Elgin, IL-IN-WI",60103,23
"Chicago-Naperville-Elgin, IL-IN-WI",60449,5
"Chicago-Naperville-Elgin, IL-IN-WI",60107,51
"Chicago-Naperville-Elgin, IL-IN-WI",46304,19
"Chicago-Naperville-Elgin, IL-IN-WI",60544,27
"Chicago-Naperville-Elgin, IL-IN-WI",60403,19
"Chicago-Naperville-Elgin, IL-IN-WI",60435,58
"Chicago-Naperville-Elgin, IL-IN-WI",46373,1
"Chicago-Naperville-Elgin, IL-IN-WI",60120,58
"Chicago-Naperville-Elgin, IL-IN-WI",60184,0
"Chicago-Naperville-Elgin, IL-IN-WI",60484,13
"Chicago-Naperville-Elgin, IL-IN-WI",60433,17
"Chicago-Naperville-Elgin, IL-IN-WI",60564,51
"Chicago-Naperville-Elgin, IL-IN-WI",60442,7
"Chicago-Naperville-Elgin, IL-IN-WI",46307,33
"Chicago-Naperville-Elgin, IL-IN-WI",60060,39
"Chicago-Naperville-Elgin, IL-IN-WI",60088,1
"Chicago-Naperville-Elgin, IL-IN-WI",60401,3
"Chicago-Naperville-Elgin, IL-IN-WI",60134,37
"Chicago-Naperville-Elgin, IL-IN-WI",60064,13
"Chicago-Naperville-Elgin, IL-IN-WI",60510,13
"Chicago-Naperville-Elgin, IL-IN-WI",60504,61
"Chicago-Naperville-Elgin, IL-IN-WI",60174,42
"Chicago-Naperville-Elgin, IL-IN-WI",60585,14
"Chicago-Naperville-Elgin, IL-IN-WI",60502,31
